{
   "ID" : -1,
   "NAME" : "params",
   "SUBVIEWS" : [
      {
         "ALPHA" : 1,
         "BLUE" : 0.80804900000000002,
         "GREEN" : 0.80804900000000002,
         "ID" : 20,
         "NAME" : "BACKGROUND COLOR",
         "RED" : 0.80804900000000002,
         "TYPE" : "ColorPicker"
      }
   ],
   "TYPE" : "WindowCanvas",
   "VALID" : true,
   "XPOS" : 501,
   "YPOS" : 89
}
