{
   "ASPECT" : 1,
   "CX" : 7.6293900000000003e-06,
   "CY" : 3.8147000000000001e-06,
   "CZ" : 7.6293900000000003e-06,
   "EX" : 28,
   "EY" : 21,
   "EZ" : 28,
   "FAR" : 1000,
   "FOV" : 60,
   "NEAR" : 0.10000000000000001,
   "WX" : 0,
   "WY" : 1,
   "WZ" : 0
}
