{
   "ID" : -1,
   "NAME" : "params",
   "SUBVIEWS" : [
      {
         "ALPHA" : 1,
         "BLUE" : 0.80804944038391113,
         "GREEN" : 0.80804944038391113,
         "ID" : 0,
         "NAME" : "BACKGROUND COLOR",
         "RED" : 0.80804944038391113,
         "TYPE" : "ColorPicker"
      },
      {
         "ID" : 3,
         "NAME" : "UNIFORMS",
         "TYPE" : "MultiSlider",
         "antialias" : 0.010294117964804173,
         "blue" : 1,
         "border" : 1,
         "borderEnd" : 0.4583333432674408,
         "borderStart" : 0.41911765933036804,
         "shadowPower" : 0.12254901975393295,
         "shadowWidth" : 0.022058824077248573
      }
   ],
   "TYPE" : "WindowCanvas",
   "VALID" : true,
   "XPOS" : 500,
   "YPOS" : 335
}
