{
   "ASPECT" : 1,
   "CX" : -5.5134300000000004e-07,
   "CY" : -3.57628e-07,
   "CZ" : 1.09617e-06,
   "EX" : 0.039299000000000001,
   "EY" : -1.06368,
   "EZ" : 0.014008700000000001,
   "FAR" : 1000,
   "FOV" : 59.700000000000003,
   "NEAR" : 0.10000000000000001,
   "WX" : 0,
   "WY" : 1,
   "WZ" : 0
}
