{
   "ASPECT" : 1,
   "CX" : 0,
   "CY" : -5.9604600000000002e-08,
   "CZ" : 2.3841900000000001e-07,
   "EX" : 0.56929700000000005,
   "EY" : 0.93265699999999996,
   "EZ" : 0.94973099999999999,
   "FAR" : 1000,
   "FOV" : 60,
   "NEAR" : 0.10000000000000001,
   "WX" : 0,
   "WY" : 1,
   "WZ" : 0
}
